{"name":"54c638c1-9ebe-4842-8226-207b043f500a","id":"/providers/Microsoft.Flow/flows/54c638c1-9ebe-4842-8226-207b043f500a","type":"Microsoft.Flow/flows","properties":{"apiId":"/providers/Microsoft.PowerApps/apis/shared_logicflows","displayName":"Http -> Detect Sentiment","definition":{"$schema":"https://schema.management.azure.com/providers/Microsoft.Logic/schemas/2016-06-01/workflowdefinition.json#","contentVersion":"1.0.0.0","parameters":{"$connections":{"defaultValue":{},"type":"Object"},"$authentication":{"defaultValue":{},"type":"SecureObject"}},"triggers":{"manual":{"type":"Request","kind":"Http","inputs":{"schema":{"$schema":"http://json-schema.org/draft-04/schema#","type":"object","properties":{"text":{"type":"string"}},"required":["text"]}}}},"actions":{"Detect_Sentiment":{"runAfter":{},"metadata":{"flowSystemMetadata":{"swaggerOperationId":"DetectSentiment"}},"type":"ApiConnection","inputs":{"host":{"api":{"runtimeUrl":"https://europe-001.azure-apim.net/apim/cognitiveservicestextanalytics"},"connection":{"name":"@parameters('$connections')['shared_cognitiveservicestextanalytics']['connectionId']"}},"method":"post","body":{"text":"@triggerBody()['text']","language":"en"},"path":"/sentiment","authentication":"@parameters('$authentication')"}},"Response":{"runAfter":{"Detect_Sentiment":["Succeeded"]},"type":"Response","kind":"Http","inputs":{"statusCode":200,"headers":{"content-type":"application/json"},"body":"@body('Detect_Sentiment')","schema":{"$schema":"http://json-schema.org/draft-04/schema#","type":"object","properties":{"score":{"type":"string"}},"required":["score"]}}}},"outputs":{}},"connectionReferences":{"shared_cognitiveservicestextanalytics":{"connectionName":"shared-cognitiveserv-8130dc51-3e1b-4769-83ba-be32e4718cfb","source":"Embedded","id":"/providers/Microsoft.PowerApps/apis/shared_cognitiveservicestextanalytics","tier":"NotSpecified"}},"flowFailureAlertSubscribed":false}}